이미지,생활지수,지수,안내멘트,그래프 값,그래프 최댓값
../img/icon_idx_carwash.png?ver=20231226,세차지수,70,강수 확률이 적어 세차해도 괜찮아요,70,100
../img/icon_idx_running.png?ver=20231226,달리기지수,72.5,달리기에 나쁘지 않은 날씨예요,72.5,100
../img/icon_idx_washing.png?ver=20231226,빨래지수,43,빨래 말리기는 창문을 닫고 실내에서,43,100
../img/icon_idx_sleep.png?ver=20231226,수면지수,10,수면지수가 매우 낮은 날이에요,10,100
../img/icon_idx_umb.png?ver=20231226,우산지수,10,우산이 전혀 필요 없는 날!,10,100
../img/icon_life_uv.png?ver=20231226,자외선지수,1,자외선 걱정없는 날씨에요,25,100
../img/icon_life_cold.png?ver=20231226,감기지수,4,보온에 각별히 신경 써주세요!,100,100
../img/icon_life_freez.png?ver=20231226,동파지수,25,동파지수가 매우 낮아요,25,100
